,N,HV,Sx_bar
I,325,161.0584615,0.423254353
II,308,168.2922078,0.840144697
III,304,159.1710526,0.316706409
IV,325,165.1107692,0.42059981
V,280,167.8035714,0.253601716
VI,353,169.286119,0.749012688
VII,300,160.6833333,0.435120874
